TC_No,Isim,Soyisim,Adres,Tel_no,E_posta
99932435384,Lue,Fahy,LueFahy,99932435384,99932435384@mail.com
99946401251,Eleanore,Jenas,EleanoreJenas,99946401251,99946401251@mail.com
99965076379,Emelie,Bostock,EmelieBostock,99965076379,99965076379@mail.com
99970253042,Mallie,Currie,MallieCurrie,99970253042,99970253042@mail.com
99999285025,Harry,Izzard,HarryIzzard,99999285025,99999285025@mail.com
99923693772,Almira,Shakespeare,AlmiraShakespeare,99923693772,99923693772@mail.com
99926802237,Fate,Carling,FateCarling,99926802237,99926802237@mail.com
99824632595,Steven,Heaton,StevenHeaton,99824632595,99824632595@mail.com
99844651646,Michael,Geeson,MichaelGeeson,99844651646,99844651646@mail.com
99852882766,Everette,Strachan,EveretteStrachan,99852882766,99852882766@mail.com
99868232910,Nathanial,Cassidy,NathanialCassidy,99868232910,99868232910@mail.com
99868460058,Stuart,Coates,StuartCoates,99868460058,99868460058@mail.com
99692083949,Pinkney,Walling,PinkneyWalling,99692083949,99692083949@mail.com
99711837451,Smith,Winder,SmithWinder,99711837451,99711837451@mail.com
99714879580,Loren,Auborn,LorenAuborn,99714879580,99714879580@mail.com
99733809439,Winfred,Harry,WinfredHarry,99733809439,99733809439@mail.com
99757289483,Bridget,Putt,BridgetPutt,99757289483,99757289483@mail.com
99764891827,Permelia,Shaughnessy,PermeliaShaughnessy,99764891827,99764891827@mail.com
99775401280,Herbert,Goodacre,HerbertGoodacre,99775401280,99775401280@mail.com
99791881020,Evert,Attard,EvertAttard,99791881020,99791881020@mail.com
99816831961,Otelia,Mcguire,OteliaMcguire,99816831961,99816831961@mail.com
99818087007,Nova,Artliff,NovaArtliff,99818087007,99818087007@mail.com
